<?xml version="1.0" encoding="UTF-8"?>
<element>
   <id>font2_neo</id>
   <value></value>
   <type>String</type>
   <children>
      <child>
         <id>server</id>
         <value>localhost</value>
         <type>String</type>
      </child>
      <child>
         <id>browserPort</id>
         <value></value>
         <type>String</type>
      </child>
      <child>
         <id>maxConnectionLifetime</id>
         <value></value>
         <type>String</type>
      </child>
      <child>
         <id>routingPolicy</id>
         <value></value>
         <type>String</type>
      </child>
      <child>
         <id>boltPort</id>
         <value>7687</value>
         <type>String</type>
      </child>
      <child>
         <id>usingEncryption</id>
         <value>Y</value>
         <type>String</type>
      </child>
      <child>
         <id>routing</id>
         <value>N</value>
         <type>String</type>
      </child>
      <child>
         <id>password</id>
         <value>TUlsbW0wMTM=</value>
         <type>String</type>
      </child>
      <child>
         <id>maxTransactionRetryTime</id>
         <value></value>
         <type>String</type>
      </child>
      <child>
         <id>maxConnectionPoolSize</id>
         <value></value>
         <type>String</type>
      </child>
      <child>
         <id>connectionLivenessCheckTimeout</id>
         <value></value>
         <type>String</type>
      </child>
      <child>
         <id>connectionTimeout</id>
         <value></value>
         <type>String</type>
      </child>
      <child>
         <id>username</id>
         <value>neo4j</value>
         <type>String</type>
      </child>
      <child>
         <id>connectionAcquisitionTimeout</id>
         <value></value>
         <type>String</type>
      </child>
   </children>
   <name>font2_neo</name>
   <security>
      <owner/>
      <owner-permissions-list/>
   </security>
</element>